<?xml version="1.0" encoding="ISO-8859-1"?>
<!--
/*
 * $Id$
 *
 * Licensed to the Apache Software Foundation (ASF) under one
 * or more contributor license agreements.  See the NOTICE file
 * distributed with this work for additional information
 * regarding copyright ownership.  The ASF licenses this file
 * to you under the Apache License, Version 2.0 (the
 * "License"); you may not use this file except in compliance
 * with the License.  You may obtain a copy of the License at
 *
 *  http://www.apache.org/licenses/LICENSE-2.0
 *
 * Unless required by applicable law or agreed to in writing,
 * software distributed under the License is distributed on an
 * "AS IS" BASIS, WITHOUT WARRANTIES OR CONDITIONS OF ANY
 * KIND, either express or implied.  See the License for the
 * specific language governing permissions and limitations
 * under the License.
 */
-->
<project name="Struts 2">
    <skin>
        <groupId>org.apache.maven.skins</groupId>
        <artifactId>maven-fluido-skin</artifactId>
        <version>1.3.0</version>
    </skin>
    <bannerLeft>
        <name>Apache Software Foundation</name>
        <src>http://www.apache.org/images/asf-logo.gif</src>
        <href>http://www.apache.org/</href>
    </bannerLeft>
    <bannerRight>
        <name>Apache Struts</name>
        <src>http://struts.apache.org/images/struts.gif</src>
        <href>http://struts.apache.org/</href>
    </bannerRight>
    <body>
        <links>
            <item name="Apache"
                  href="http://www.apache.org/"/>
            <item name="Struts"
                  href="http://struts.apache.org/"/>
        </links>
        <menu name="Struts 2">
            <item name="Welcome"
                  href="index.html"/>
            <item name="Releases"
                  href="http://struts.apache.org/downloads.html"/>
            <item name="Thanks!"
                  href="http://apache.org/foundation/thanks.html"/>
            <item name="Sponsorship"
                  href="http://apache.org/foundation/sponsorship.html"/>
        </menu>

        <menu name="Parent project">
            <item name="Apache Struts"
                  href="http://struts.apache.org/"/>
        </menu>

        <menu name="Documentation">
            <item name="Getting Started"
                  href="docs/home.html"/>
            <item name="Tutorials"
                  href="docs/tutorials.html"/>
            <item name="FAQs"
                  href="docs/faqs.html"/>
            <item name="Guides"
                  href="docs/guides.html"/>
        </menu>

        <menu name="Support">
            <item name="User Mailing List"
                  href="http://struts.apache.org/mail.html"/>
            <item name="Issue Tracker (JIRA)"
                  href="https://issues.apache.org/jira/browse/WW"/>
            <item name="Wiki Pages"
                  href="https://cwiki.apache.org/confluence/display/S2WIKI/Welcome+to+Apache+Struts2"/>
        </menu>

        <menu name="Reference">
            <item name="XWork API"
                  href="xwork-core/apidocs/index.html"/>
            <item name="Struts Core API"
                  href="struts2-core/apidocs/index.html"/>
            <item name="Plugin APIs"
                  href="plugins.html"/>
            <item name="Tag Reference"
                  href="docs/tag-reference.html"/>
            <item name="Plugin Registry"
                  href="http://cwiki.apache.org/S2PLUGINS/home.html"/>
        </menu>

        <menu name="Development">
            <item name="Struts 2.x Draft Docs"
                  href="index.html"/>
            <item name="How to Help FAQ"
                  href="http://struts.apache.org/helping.html"/>
            <item name="Development Lists"
                  href="http://struts.apache.org/dev/dev-mail.html"/>
            <item name="Source Code"
                  href="http://struts.apache.org/dev/builds.html"/>
            <item name="Release Guidelines"
                  href="http://struts.apache.org/dev/releases.html"/>
            <item name="Volunteers"
                  href="http://struts.apache.org/dev/volunteers.html"/>
            <item name="PMC Charter"
                  href="http://struts.apache.org/dev/bylaws.html"/>
            <item name="Sonar Analysis"
                  href="https://analysis.apache.org/dashboard/index/org.apache.struts:struts2-parent"/>
            <item name="Source Repository"
                  href="http://svn.apache.org/viewcvs.cgi/struts/"/>
        </menu>

        <menu ref="reports"/>

        <footer>
           <div class="row span12">
               Apache Struts, Struts, Apache, the Apache feather logo, and the Apache Struts
               project logos are trademarks of The Apache Software Foundation.
           </div>
        </footer>

    </body>
</project>
